maxint,minint,meanint,maxf1,minf1,meanf1,maxf2,minf2,meanf2,maxf0,minf0,meanf0,jitter,shimmer,maxhnr,minhnr,meanhnr,dx
56.16157642867588,43.0592792243581,52.757674859446965,1312.4573603905847,1054.3169294420634,1184.5425310213186,2992.905565663991,1677.1412631354585,2052.7677235491965,303.792776385674,303.792776385674,303.792776385674,--undefined--,--undefined--,-200,-200,--undefined--,1
76.61544330244053,58.70805728117545,73.7665396094865,1444.961339438733,239.85237471597404,696.8314179724838,3383.2718121436046,1252.1467106674115,1981.3138187637792,318.1961412118907,303.792776385674,310.88972045584893,0.002609523906675422,0.22488644377075925,12.408124720685958,-200,10.965170127192177,1
79.77193065147328,75.37320373756404,77.54346103475173,1110.339015065569,329.8569981753276,586.897780690474,2206.4549744983688,1948.7557252234985,2131.5231474109282,318.30021761654905,305.7063288259158,311.63689718832023,0.002392945578748193,0.08245304975002803,15.757050417529493,13.028271820897224,14.575155721239883,1
74.87231760129586,57.56133693225145,72.55157429151568,2262.576160468882,69.32053410499853,897.9282240800175,3349.1192264887595,1966.3236979119606,2423.045397683103,324.9334844671744,312.3707191456103,317.81058359730923,0.005637206911985716,0.13666987582350365,9.25520134049968,-225.06148216853913,3.280199333404433,1
73.02407615608641,56.958195698893675,66.4340810136625,1978.620288036366,1032.9271165195273,1403.4859443538846,3049.348271734476,1222.2877411509799,2089.4292000331643,210.959171409351,200.84722106139108,206.7272584322262,0.013614314329028899,0.5469096844029142,27.398795035792297,-225.33532581140642,1.479038263096574,1
73.46893754163612,72.779528417407,73.10052361535102,1032.9271165195273,868.4905438001315,923.2606432662302,1222.2877411509799,1161.7090845226057,1188.1570900790343,200.84722106139108,181.83218985359127,190.68182865999657,0.018636048136488663,0.16772111283305455,3.1689334836684795,0.28295036186635253,1.9526885456625107,1
73.42143543216744,62.732556071993564,69.48378345123903,1069.6587724682408,536.3403229416458,865.1855355943115,1388.093404621274,986.4753592240332,1131.7828337437243,181.83218985359127,176.10288359273758,177.37380532498952,0.003365312528096009,0.24761049968470528,30.85033212554137,-225.5329000198647,3.9918274566445726,1
76.71278492212967,57.48187586915044,72.18312594514194,1168.218285277628,731.6402990623158,972.7313457362893,3101.188669025565,1388.093404621274,2513.5943441698164,--undefined--,--undefined--,--undefined--,--undefined--,--undefined--,28.66236318704707,-225.4170714037173,1.765173823435388,1
67.2593956174911,54.088304558770844,62.187744171651545,1418.428554825345,438.3020991138642,899.7768205395088,2259.8105679650876,1790.1029153111683,2072.2637501425224,184.91011587181225,184.91011587181225,184.91011587181225,--undefined--,--undefined--,0.6077814919600031,-200,-0.6513598882582917,1
73.19888296209443,68.98647162466189,72.00209997565938,1025.9678327881832,552.0781601914043,796.3192837988811,1841.6105670078748,1591.8225962418492,1774.2308847101895,184.91011587181225,159.48162190540617,174.098639050012,0.012305416050630173,0.16376295950220404,7.20865424137835,-0.9909754836192625,3.5293960853365056,1
72.73293886661642,62.86862804560873,68.94751992208876,1228.756359078525,696.8237261749023,924.2320739381728,1644.4687876373468,996.1098060290252,1257.720854900535,159.48162190540617,125.88609253830113,134.26092650003434,0.007538340820398321,0.18962442614698297,31.810765740955322,-225.55227008679987,3.5706675790655864,1
61.61536793497557,55.2252080380228,60.043574043646224,1046.090287432149,779.9250037321941,882.8332341316898,1275.6448631446376,1071.3716423198948,1122.0444915309922,128.93214501038,127.33833329709687,128.10454820091397,0.004638321029632872,--undefined--,-200,-200,--undefined--,1
78.27275945594178,45.62599257131005,73.03792967866526,1407.3929684144598,674.8585647748342,901.4193123834211,2545.7158876883095,1931.6374730070368,2126.155562410948,232.30055203068966,186.9003486549221,214.6620838397017,0.009939848712311718,0.18340543831340156,6.234370666380896,-200.00065138290657,2.5768505104075805,1
78.23990639585108,60.02043607378007,73.77783244771845,1010.9556874395968,394.56226340397075,730.7258057205133,2263.4926344217542,1569.3013296117088,1983.4656808493512,--undefined--,--undefined--,--undefined--,--undefined--,--undefined--,32.93956244323459,-225.9022933708424,4.325691878175924,1
62.94010069435577,58.288009735361804,60.33076101342637,1482.4467201188506,223.6734891434569,1111.2824380877155,1940.1049528510694,1434.8580948974932,1770.2906467653634,--undefined--,--undefined--,--undefined--,--undefined--,--undefined--,-1.9852725257084858,-224.75184093428643,-1.9852725257084858,1
61.05089885281637,55.861399177609115,58.36979126923471,1390.0733212161824,1222.2977813637347,1301.9947048308452,1964.6885454406236,1693.1529781671331,1814.490403873687,210.42256992375553,210.42256992375553,210.4225699237555,--undefined--,--undefined--,-200,-200,--undefined--,1
67.49465496993194,60.540131958148784,65.27464040395037,1248.5779896735648,416.16974924438654,840.0462136460035,1824.0220298321503,1512.055594831687,1645.283860448378,210.42256992375553,181.59611747835567,199.0950081262937,0.017141733436307104,0.11720988326941016,5.2238125042023755,-225.25089623858793,3.6005390324384865,1
65.53926759899244,58.79980093480744,62.69462312152377,1639.403475436821,425.5116994685689,1069.4957710192791,2279.2276540522994,1568.1523079617637,2004.4580599555509,196.19096564120548,185.71471938157697,193.08032926718045,0.003754882179624132,0.2860052928991681,3.0250491109072444,-200,3.0250491109072444,1
69.74143455883573,59.19798170867627,66.59816537428233,472.0646091415723,306.7239732913068,414.65285857630414,1948.6073210766813,1315.5456826489872,1582.7028958712797,185.71471938157697,153.71982449748214,166.1005509632077,0.014778597102757286,0.12979494191560673,30.310764619301487,-225.59816399110642,4.28793756175866,1
59.15616486360265,51.23506055576747,57.23726394910208,1559.228054629876,95.51153861042899,913.9927981283265,2283.688048640342,1593.6140144469248,1973.0981852011196,155.40898051363476,152.42434563783544,154.08690443688536,0.012986010967830508,--undefined--,-200,-200,--undefined--,1
72.12139903397541,62.746919791191836,70.39409344308567,1166.5503186531816,335.6746121465951,542.9243886479939,2093.6870105989215,1126.7841486770342,1447.5511839046335,181.22115540556757,177.00554615398366,179.79074368093606,0.002978266116811015,0.13789156968570443,10.730358929122186,-200,9.50900268803074,1
70.21795244077968,69.26854441979995,69.80779128141259,433.2405518777822,403.95377069772803,416.78881558660703,1690.1559177032861,1576.5779052842067,1612.3220176186808,179.62485439720942,175.91165882532923,177.82970324675614,0.004738257900153449,0.12688339807503773,12.496208220023178,11.039913890130688,11.699040436109376,1
70.08946866453857,69.27315278590791,69.5671306633041,403.95377069772803,350.92697443131914,382.97937745946746,1965.4539125417732,1347.5817080183112,1648.2892314794894,176.61203923957123,167.82521230565334,173.30551638541885,0.004488821862388307,0.04372480054385379,16.353979058480185,13.07602583077523,14.698996876978644,1
68.11231185363775,65.78938741888535,67.39530580172251,385.39800279754263,352.2569209389757,364.1983162686517,2267.955924838146,1473.7591633458794,1840.918507582226,167.82521230565334,160.34182041131174,163.34201063671495,0.011168950282224938,0.055122662106403916,37.70761145191065,-200.00017689325853,11.335045087997957,1
69.77663736029879,64.32806225384878,67.34950102579562,373.37674713960007,315.3481565905089,345.3101453059345,2322.1343784199885,2213.172855844546,2263.2827915144817,162.62268473342897,152.14167285828339,157.5241427882666,0.006752391976718345,0.11677871900300456,12.83276014319915,6.0924368138181215,10.734167123457269,1
68.63960202619934,64.99303459849442,66.90855190721736,2338.555006869362,--undefined--,760.0899211804277,3540.641298639589,2093.810407501213,2487.9627286432933,156.3836546807682,156.3836546807682,156.3836546807682,--undefined--,--undefined--,3.661397817166945,-200.00000289022253,2.7971835616779854,1
65.4177046059167,49.23808488652605,59.506563749628675,2347.2234263932214,210.6569475035586,1214.4460556345277,3293.398557177761,1695.1409812613888,2452.7603996458174,177.48752781653457,163.31289713690452,168.9671191707472,0.022357720767753008,0.08622261263958136,2.218305535880047,-225.277288191985,2.218305535880047,1
65.7341861376715,62.47610606462771,64.66271864615307,454.60273897046324,384.01834889995996,414.2498448252409,2335.7151523683697,1998.6555103642752,2172.7444409491923,177.48752781653457,177.48752781653457,177.48752781653457,--undefined--,--undefined--,29.07238840490527,2.6668434549375997,3.2477705029390607,1
64.88540079016636,57.23641855613732,62.78240472667892,814.9276633891502,338.0236230224112,570.2768405015107,2712.9937298119003,1006.2334742979893,2091.180467194996,146.07735397925708,134.6328866242062,141.67643203736884,0.014140659186740047,0.12983280210486114,-200,-225.4727108590994,--undefined--,1
71.18258109600426,55.228813281770506,66.8130475670052,2018.7268646785403,98.78924733899603,1340.8934729102393,3544.372282065046,1753.138373407214,2394.3105699348034,--undefined--,--undefined--,--undefined--,--undefined--,--undefined--,31.198998858851184,-225.73171323916543,4.357232811685336,1
65.18000253776749,48.386507193565464,60.57932945461749,1589.4716627502055,354.6446173338623,597.019493640675,2725.6328567548726,1035.5768387938208,1726.1945044291829,84.66574046550312,82.85829535445711,83.89507656760058,--undefined--,--undefined--,5.0536822558846435,-200,4.293961347972369,1
67.57546386698563,61.364324070127736,65.9546520003737,490.97681771630954,423.93169518938566,450.55468201320315,1915.0331058670313,1479.1185235540904,1747.7160996438208,157.71822569689033,83.14470567045116,134.82139139754506,0.005751680501933118,0.15749587271619045,27.61168318833074,-225.40336256988715,1.10343471538405,1
59.231515597004716,49.879340898313764,55.127182496589356,1952.4554099084864,230.05044546603946,813.841329312102,2895.209290318234,1692.205668558497,2100.0265943309014,155.8165445806067,149.45490351473316,153.12968584572909,0.016311495178497257,--undefined--,-200,-200,--undefined--,1
53.12238582726983,51.270869714656,52.123566025913476,1372.1432716303063,1227.5380179246506,1299.627408366679,2466.771903539563,2035.2834572547592,2223.0632563004137,--undefined--,--undefined--,--undefined--,--undefined--,--undefined--,-200,-200,--undefined--,1
65.90913480842232,53.3405498450547,63.57717446143973,1273.459382375625,548.9701055034728,1005.0744868326174,2149.250388674289,1183.8160337898132,1575.0186874008373,151.17845085523336,68.45571223544636,126.71246387051687,0.03749756505543355,0.2300455964331443,26.37141539525709,-225.21844449809763,1.832951668785315,1
51.98033136856306,46.19684032240197,48.94911729367277,1365.716707726808,765.303233339444,1154.267856207513,2433.351650123669,1232.3354692151331,1908.9662532903953,--undefined--,--undefined--,--undefined--,--undefined--,--undefined--,-200,-200,--undefined--,1
62.105121460256015,54.768987061481134,60.079188410007156,1230.8681447706101,256.31096314344285,884.8851541304946,2324.022408757733,1051.845484275003,1670.5102176071866,83.56672607248915,79.05610701955439,81.7014452036827,--undefined--,--undefined--,-2.58730273904497,-224.6765871576194,-2.58730273904497,1
66.25904524578037,60.75236394002857,64.11349223770043,410.08145535249486,322.7010096574644,353.98437404220164,2354.1759583061335,1201.2804790369157,1541.5502244612724,79.05610701955439,77.6167109497518,78.31075323135353,--undefined--,--undefined--,1.5681082965524606,-225.19601353706906,1.5681082965524606,1
60.363382163945715,57.127816479358856,58.8281890395578,543.5134132754544,348.03620806130726,409.98601745427493,2291.7885268138357,1353.0689280813324,1780.1331240378756,--undefined--,--undefined--,--undefined--,--undefined--,--undefined--,-200,-200,--undefined--,1
62.30135612215715,59.041912562230635,61.226661762680756,623.6555857386253,398.7719406193187,472.169013626721,1786.2496619816368,1389.184897664735,1489.856965807602,--undefined--,--undefined--,--undefined--,--undefined--,--undefined--,26.666195358021692,-200,1.927238048834112,1
75.66685965272809,58.50650434789452,72.78239315448121,2005.2891772350924,623.6555857386253,1380.9871235330218,3088.5131349458393,1786.2496619816368,2810.185550528093,--undefined--,--undefined--,--undefined--,--undefined--,--undefined--,26.51390540267805,-225.19223814328987,0.7261314544286601,1
66.81158641511655,57.704380485289455,64.44480678069733,2009.6764283125108,732.9945220958837,1244.0408819010654,3050.7369943772314,2257.4923221740487,2592.905776664453,--undefined--,--undefined--,--undefined--,--undefined--,--undefined--,0.6190930568029349,-200,-0.10113912987990765,1
69.86063653916307,62.84156347298762,66.73896703471611,1224.2702138038148,81.39360061155486,712.2146511722548,2845.9871246259154,712.5541616760873,1420.8375698726447,--undefined--,--undefined--,--undefined--,--undefined--,--undefined--,24.470483993605104,-224.89481891895724,-2.220342464948314,1
65.21633767798929,57.24259111119923,61.93101687575993,880.7814337960258,684.8128744291652,797.7867913769786,1288.4599917242256,1098.3181549924022,1158.7320346614674,--undefined--,--undefined--,--undefined--,--undefined--,--undefined--,-1.8849453472024713,-224.76438183159968,-1.8849453472024713,1
76.46377339705212,64.13446308108946,73.43656573537058,2358.538640853752,279.8945092672215,1599.4419046332202,3239.018163674293,2130.588014794289,2908.095059922266,295.2521686637957,295.2521686637957,295.2521686637957,--undefined--,--undefined--,5.440040789484285,-200.00885051083787,2.8125655810771515,1
71.73632726076696,58.951300065992214,68.75957430199904,561.5297088447712,157.07944638583743,470.0073273791626,2307.3495613080177,2035.412784444874,2176.4825249401492,295.2521686637957,272.79806319818374,275.96452010721475,0.004953639219315911,0.09011563495831731,10.925657094400439,-225.96832578417423,7.7122256855322435,1
71.38028416429589,54.322933985055414,64.73937994040008,1893.9936246664054,405.07689722490255,1120.5139042848534,2784.1090778061457,1617.9595729030211,2139.4471847952,274.0556706659055,273.4496235339671,273.7948266641639,0.0006366232832418532,0.13115874946946338,0.573020445371336,-200,0.573020445371336,1
75.86534427560878,73.01281117091527,74.4935440577813,2122.1216990559396,129.5893889330202,1272.0791866480508,3244.457509109517,1773.0699733990273,2499.506914556214,--undefined--,--undefined--,--undefined--,--undefined--,--undefined--,2.980913668345622,0.9462722367563231,1.8006050516602232,1
78.11249208747249,57.16267591823293,74.59617022697164,2601.0518520118007,--undefined--,1466.6156850118207,3497.716379732183,2019.3351622549671,2785.4613983568843,--undefined--,--undefined--,--undefined--,--undefined--,--undefined--,5.2491726319292855,-225.42321269894487,3.925156308200265,1
66.14986104179931,51.61577577167967,60.204986343922414,1720.2482827952815,374.72371371339005,1036.439960647612,2466.303046732397,1603.6331013396634,2061.3369522729895,240.21706884071386,230.20625430650549,237.13950838970277,0.021724189945403392,--undefined--,-0.7507009524505209,-200,-0.7507009524505209,1
67.7054202129119,66.75761919374557,67.34170014791525,587.2960922047145,362.1325605166019,469.5460463763079,1673.297321049766,1570.7170766347986,1600.4945998753878,230.20625430650549,217.18105170446736,221.09002815234305,0.0077273662160844,0.340062309285773,8.455187533046649,2.3709216375611333,5.50332173514721,1
71.22934066051758,64.24404602333928,69.77812641952933,678.5709827205137,333.6675352778653,470.47125626103735,2402.5545626059807,1651.6677813902065,1882.164202178796,217.18105170446736,204.4419402296388,210.57477310898966,0.0028996875257030095,0.09474832076680549,21.60680420948974,-200.02264676493903,16.20592626819056,1
73.86281614982333,59.61162042208685,69.88439183138708,628.0369855438978,385.4657860147058,454.2943638923712,2599.788356356957,1501.1055650839558,2078.330345253466,--undefined--,--undefined--,--undefined--,--undefined--,--undefined--,4.481828357161574,-225.3346315148788,3.7213951207060396,1
66.05285936618988,63.26129916263756,64.86550248026583,733.9949735717603,510.78561466362333,614.3702180957162,1501.1055650839558,1278.8919915023962,1361.1330913705287,147.770985180727,131.83532713817607,140.53018085946755,0.035441742126402345,0.3070572371834145,6.419433542554311,-225.8024291928193,6.419433542554311,1
62.611825818678646,52.61417122664533,57.65848459061119,1288.4229670946418,440.3836330644739,980.214284915654,2499.987961347655,1406.8536743793923,2098.9235322182076,133.24049434779073,133.1503849362292,133.22436122169898,--undefined--,--undefined--,-200,-200,--undefined--,1
53.78562602783944,49.635783416880905,51.93468819841665,1605.5164433581338,781.6880817502548,1286.0952805982347,2661.318338852389,1843.1972968011255,2104.853024753047,--undefined--,--undefined--,--undefined--,--undefined--,--undefined--,-200,-200,--undefined--,1
70.92760314314783,60.868582025269504,68.76181454866561,1211.456377620228,533.2299046892804,658.6686746922283,1983.760773948872,1559.8135106885313,1651.092961380619,198.92362908185763,189.5505308231917,193.44226479376826,0.010296280608519738,0.08982472023561774,8.731818272449036,-200,3.7713661402071788,1
70.85263814637936,67.4036768416492,69.30414590205692,602.8428950107345,561.6163584033812,574.7169229034079,1940.2030497513983,1603.426890871286,1800.6780231169141,190.15626130778463,188.5321577362862,189.28318093486288,0.0017221353782885611,0.16389482563649072,10.079288200698391,7.976999744320276,9.16160675831509,1
73.23754243221074,63.47599801620428,70.97522784276924,2301.382565775052,514.5435340704057,1207.8578699569423,3147.9780896274538,1834.976286340869,2482.1618612438588,189.58665568192973,188.76301701550582,189.0316282552666,0.0014752596200319707,--undefined--,7.546430971293136,-225.94330387141164,2.646971755395766,1
76.58048177512312,60.47948679446513,72.8391604546722,2725.0848949396636,311.628467672699,1513.4120141271699,3268.421308534796,2543.031512722426,2894.2033822601716,--undefined--,--undefined--,--undefined--,--undefined--,--undefined--,30.574048075324477,-225.64277630137792,3.6436001320129345,1
67.59197650761726,63.03286824176306,65.92916863081382,729.6259947176558,346.26962908074614,561.2927582050552,2821.504446728347,1405.0782092164573,2009.142344433312,187.5882095544204,175.14777045704642,179.08311002587055,0.006687242099877173,0.13240722691132498,33.91256599318283,-200,10.141964688170393,1
67.8418405267439,54.89758390636308,65.99299888125839,726.3865166190587,448.6829196041731,525.7922682174702,1839.9027460290124,1496.0909328909513,1601.0145563398876,186.22384939805224,183.3838348286393,184.50323326801936,0.0022990551225232185,0.1007062173495749,12.280299041622838,-226.47519317674755,11.72790039895069,1
53.275704644554985,45.98421892989574,50.7599301625395,2115.5694843427277,113.04866418065944,628.1607033338485,2949.223061484948,1756.3816367374045,2000.1638067643119,--undefined--,--undefined--,--undefined--,--undefined--,--undefined--,-200,-200,--undefined--,1
68.05416792581836,57.570983152651294,66.24393924996126,393.6406436985506,308.2287186282746,343.2061094486234,2390.1567435154852,2153.52221295797,2292.695005385484,96.2570225671612,84.68195485906539,89.3393567219057,0.009751298006932174,0.19467807204748538,36.2860115403671,-226.55330264960045,9.45942105990647,1
70.57688675043686,55.0260552027989,66.31651917692692,2422.0570939213694,92.07908855366932,903.1247099672989,3598.8475109866513,1818.6850096227913,2441.2824405390056,93.62319510133797,90.92802222022868,92.01009433789291,0.009888375805654886,--undefined--,25.93943752053115,-200,-0.07349132524579854,1
53.27813321308024,45.760538388868085,50.48044339090097,1147.1135470719369,942.2780432266421,1059.876932740031,2316.586031063648,1759.8922960180203,2022.1156921289817,--undefined--,--undefined--,--undefined--,--undefined--,--undefined--,-200,-200,--undefined--,1
73.85068510208491,60.51917451370433,71.11245989850082,1166.1983037424113,663.7221605090172,946.1187013567178,2395.577184508791,1280.598467344594,1552.3083324874212,203.18371995540093,175.52684099764417,188.5342719729843,0.004904300758545505,0.2090619030944208,9.119555735391097,-200,4.340217045713236,1
68.80671469019074,57.868683110249705,64.44461990688038,1296.3219525431327,644.1326006557708,1017.5293821259351,2018.561442002726,1286.1044724606809,1762.6394684828213,203.29709476232892,202.51084834132527,202.89880651701895,0.0014295088270198822,--undefined--,23.458474208175115,-224.5822248227325,1.0969163365675296,1
62.96741280804045,50.042215511175485,59.14741755848893,941.6281417318785,413.41870060140934,520.8580560585721,2177.6779983850915,1994.9651733762996,2090.5491624445776,216.06118610730206,212.62520590863568,215.51419080590534,--undefined--,--undefined--,-200,-200,--undefined--,1
67.88115864353293,63.54372522041444,66.32174109394343,476.73675761618057,385.21175206417047,417.45592151375325,2298.424630410891,2165.588045841588,2247.6130923641363,212.62520590863568,196.63138982350142,200.9870014517951,0.008912193836540504,0.312356271578054,6.2080519655932385,-225.50648949770695,5.017961520274015,1
64.33045483932361,53.34401689202339,57.75982585410774,1624.0511395731698,398.1683544114307,906.8161398767628,2730.827079545205,1696.7684320393257,2133.904538218614,--undefined--,--undefined--,--undefined--,--undefined--,--undefined--,-200,-200,--undefined--,1
72.68350139008874,58.29174832798019,67.55356237817611,1835.028434996958,418.4146236856458,1434.5029901968148,3085.363150391377,2344.6793841396825,2775.446278361943,179.66009606442512,178.71461990939443,179.54495231321718,--undefined--,--undefined--,0.021693194200500324,-224.86912996797042,-0.5126335310180032,1
69.02374451417482,61.6129424087329,66.88890646217432,1139.569750896588,54.98695493996521,602.0683600013891,2777.554382214649,512.443970372219,1311.0071325692213,179.13024032145736,168.98703770294884,174.04099177897731,0.006510490380657269,0.16946151416814556,10.37855744267263,-200,5.500074366733141,1
69.52157837342897,60.5320616170578,68.23455665296231,1121.6680600064774,615.4990878209496,965.2284484802562,2266.278077248213,1567.0208507830403,2010.4406802017377,178.8068080742004,171.80859522329683,174.196218754161,0.0030624243939404057,0.1136119757952061,10.559958509092965,-226.12394082947026,7.430049897234096,1
62.650401221638994,57.05726844525895,60.14935413595892,710.8952413971087,576.1727220142852,661.0872941481731,2002.1376605595674,1593.0270493712537,1736.5118947299784,175.4589998556196,172.7461393136199,173.84563749673126,0.003357374427640747,0.2481917169005669,-200,-200,--undefined--,1
59.929781547637894,57.903216820869275,59.34938125470731,761.09701678053,494.2941259242192,668.5261514875514,1871.0718545837128,1541.532655279864,1771.3275147019804,--undefined--,--undefined--,--undefined--,--undefined--,--undefined--,-200,-200,--undefined--,1
63.90455764095677,61.142140008546036,62.54901545786033,523.6989218683477,467.5755188882103,503.0098131128052,1541.532655279864,1452.2367526897156,1504.2672957521293,170.8865764408804,166.08600448718394,168.48629046403215,0.010388461298834096,0.07534756664063046,1.6478259224708514,-225.20597824030887,1.6478259224708514,1
58.094582817639136,54.32906918235692,56.534433371643516,484.7865855175515,396.201175455813,455.0929803335424,1899.2077326471892,1483.4907787817833,1575.269629562099,--undefined--,--undefined--,--undefined--,--undefined--,--undefined--,-200,-200,--undefined--,1
58.225427966411175,46.25266642457357,52.05224804594163,1235.537461944649,467.8464208954725,875.5224247249282,2347.0340801024067,1925.4401968956972,2168.1623069611887,--undefined--,--undefined--,--undefined--,--undefined--,--undefined--,-200,-200,--undefined--,1
70.95310307575171,61.64158434999023,68.1462523410073,757.2371456513727,357.0361837547073,479.38963461016425,2382.1698054321596,513.0717168809964,1602.0358072055458,92.8344997460148,78.76192913983294,88.89111850861339,0.010562791008492748,0.0548005557881974,8.741129064524156,-225.03932041708043,4.89852736926293,1
68.79865143045421,53.39143665156523,65.57133113582947,384.02079823690065,280.333705276625,349.64091105457555,2037.4402679376105,1830.9152973630676,1944.7877123554897,174.1509484997975,88.8795175876392,161.07170485646537,0.03403409943033758,0.13589453150609968,5.533091829083139,-225.66362828140748,5.250358277758479,1
76.01093779796878,52.480015134560546,71.88890433501588,2328.147760681131,152.59118727579477,1543.3107515723102,3198.4329555604754,1869.706558820019,2747.2267014863864,--undefined--,--undefined--,--undefined--,--undefined--,--undefined--,28.72559901511534,-225.4141069454356,0.5044394316133077,1
70.14585624949336,57.65523483953879,65.28594328220906,451.1309430192048,274.70599342422344,351.2175437659746,2373.3504051508785,1822.8931008834168,2182.101634826952,328.4231815554816,139.30158342074625,265.20214566300115,0.01508798925962727,0.21000946917025004,29.206571075210114,-225.47458945042746,2.0582834729604254,1
62.99356136087878,56.863393849991574,60.65191586681216,2458.920586337629,283.9738011756691,710.7634730994192,3236.7330657203943,2054.9426955265844,2391.6214065070917,303.6369588242444,303.0829030466597,303.58575219048066,--undefined--,--undefined--,-200,-200,--undefined--,1
69.1769698672813,50.72954851462091,66.88423313872438,2158.312076745588,437.5303466786631,1014.0178718987564,2580.614158385604,1433.9037573850314,2157.8266404194424,158.98836961385797,154.02232025713693,156.5715373750695,0.014764276337779153,--undefined--,26.862759302575732,-200,2.4574442957799034,1
71.3253284481468,68.84741482525759,70.43684123115484,437.5303466786631,362.3342979492376,377.08914240022364,2194.8681106255362,1981.531143366149,2104.9052363706546,162.10472257867684,156.09194065657772,158.35737715752657,0.0036015098761968496,0.1715223060284882,13.08341357747178,9.346701341361207,11.736523725445988,1
68.94173034813664,67.82941876111666,68.30544247983848,415.3576400548645,354.03449464907493,389.22623038813066,2393.0562897250893,2071.0221948243425,2237.266953489939,163.18910612128946,160.8096839968517,162.1149451365652,0.003778745900309578,0.19921517217951445,15.217937907417983,13.96409412427814,14.656594657491512,1
72.00248789711462,69.25116890651225,70.47745651332303,878.3797547801803,336.062584168669,413.5247310311535,2509.472981292208,1277.5085338085091,1741.983595907234,201.94828469041758,160.68101859403717,177.0384111905961,0.012141745761228152,0.21561957470849552,16.705958047759697,4.552015841499952,12.076479946887334,1
73.92824218857503,61.19786804942311,71.71333493559528,1077.2852163196676,562.1629957544748,820.4654713206954,2213.797120263914,1624.6434062510327,1992.1737652307595,264.65381894613057,201.94828469041758,236.188498571289,0.009539718997189311,0.17617842313757762,30.202797121348958,-225.58941037556653,3.0128032265548104,1
66.8753319150085,60.103117046282954,63.82643041841603,750.5900273280942,366.72420158164806,594.4522436965285,2275.258402727375,1892.3732477682022,2010.3204835345932,278.98964810638614,264.65381894613057,274.2408196977086,0.007073876839424663,0.08619192092461157,-200,-200,--undefined--,1
67.15524893287039,63.51057361323868,65.27827777990902,628.371385394025,359.6752385388451,512.1059722090014,2323.0708164732273,2226.747601046856,2302.0864520381924,266.2317436065205,239.02634744956066,244.55529961209152,0.007343971728819882,0.21090699804317828,11.20118260468697,-225.6374221838014,8.150280037549102,1
68.73696549245238,61.93310998748317,66.9375995126076,766.6087884495703,365.7523887034703,526.597826637964,2320.73055226561,2009.9234789601135,2159.7595528393076,239.73686262389072,232.6502324853441,237.05057695621122,0.0020154757230491263,0.06213622245806611,12.877613996054999,-226.55917578884387,12.114069115928366,1
68.40711616318173,54.87598095321155,64.87291515317911,1921.8956048395914,312.55090489329166,1237.7778516628987,3199.1842718522985,2063.9002969968387,2666.286215558561,--undefined--,--undefined--,--undefined--,--undefined--,--undefined--,25.556506315056456,-225.0709073166101,0.4582212519468511,1
69.83794806142548,58.474640183419815,67.48630493592154,921.2532755386707,285.24204342772225,510.3108903246753,2077.065018485212,1510.5954276649254,1894.9978502123693,191.6855603991125,161.83864496694054,174.29933365724688,0.018758654952342513,0.15683180121044235,36.791376809123626,-200,7.907461471619761,1
72.79880388348091,61.10839720681987,69.95434477608917,942.226094602779,695.7029253044602,824.1864163137817,2145.6351979960245,1950.7726813126271,2046.4628819186491,161.83864496694054,149.77498361530223,156.2121036721729,0.009917221245421581,0.18706373204468993,7.595679150860899,-224.73303149460503,1.4713953953338563,1
59.659977750545856,47.469666622824796,54.458764619926924,1049.9983368304215,684.7466141974899,787.9144161189296,2106.8565231989087,1922.7699287726894,1983.6635438875983,--undefined--,--undefined--,--undefined--,--undefined--,--undefined--,-200,-200,--undefined--,1
50.839358027251784,47.24920767430043,49.79446126923121,1270.3285487694263,990.7674032980084,1096.3914145662477,2299.5279642511396,2071.1202396283315,2149.954084199907,--undefined--,--undefined--,--undefined--,--undefined--,--undefined--,-200,-200,--undefined--,1
59.043348513227286,55.365137169320306,58.056166588686736,1228.596900468624,659.6168888146766,984.6256168910952,2306.3672116623366,1102.0409055674993,1549.6309793251921,--undefined--,--undefined--,--undefined--,--undefined--,--undefined--,-200,-200,--undefined--,1
57.166443336443926,50.22204629246468,54.4504997943723,1319.6469045886192,902.930971165924,1178.4387785734357,1568.1705077987458,1322.7309948572654,1463.9453013910515,--undefined--,--undefined--,--undefined--,--undefined--,--undefined--,-200,-200,--undefined--,1
64.71999755588814,58.06174048272218,61.77156526032669,1215.1799611748406,397.8112366079073,831.3717025524355,1499.9048597799592,1277.6274650045266,1387.4462532315315,153.7199749380662,152.76746034394827,153.37029642078505,0.001898974300262364,--undefined--,23.901231750039717,-224.78655464057422,-1.1613868737780357,1
56.71059916620073,50.390494663240254,53.938703749493364,1347.5733817492765,334.48907843821,811.8180502837815,2313.9252660835746,1465.3511757594729,1960.4559523079517,154.4983616954223,153.71101530226682,154.3091759897042,--undefined--,--undefined--,-200,-200,--undefined--,1
69.12501406515025,60.51366770306216,66.62388404315753,1159.9007247037346,366.0994078438488,630.3585878721658,2452.9593474409894,1152.9023533333784,1280.305470107652,--undefined--,--undefined--,--undefined--,--undefined--,--undefined--,23.313706167294487,-200.00024360415972,-1.8883245792266417,1
69.29007983080263,56.28142818290749,65.31878771190209,682.8396449264557,551.930758389442,597.8029956161254,1381.8749603014228,1252.953860832877,1303.216681905135,--undefined--,--undefined--,--undefined--,--undefined--,--undefined--,-2.3767770993012873,-224.68319131383282,-2.5414775274527677,1
62.48311991493616,54.24150445344891,60.505972208675026,701.0275730851818,473.39408046429764,553.1290937041537,1532.1776765988673,1381.8749603014228,1471.2385576470517,--undefined--,--undefined--,--undefined--,--undefined--,--undefined--,6.972616616983277,-225.8715770771229,6.972616616983277,1
63.91524872209759,55.67731255867757,61.52663884158268,552.7673605374871,461.1433130542985,501.7687424119693,1664.373626935045,1413.915600365899,1527.18651238115,--undefined--,--undefined--,--undefined--,--undefined--,--undefined--,-200,-200,--undefined--,1
64.37183716365452,46.488917125347136,56.09541714960362,1117.9787623579118,478.15536824077293,729.6015011949199,2288.471554241293,1316.3920547240803,1799.5065087989208,--undefined--,--undefined--,--undefined--,--undefined--,--undefined--,-200,-200,--undefined--,1
71.94918758114399,55.18216874382417,67.49978050157107,1015.9911116105087,660.5597765404004,853.9314842545036,1316.3920547240803,1036.4558583088276,1225.5018021894814,88.3619621254197,80.29974290456363,85.20517978022728,0.011384058734311631,0.2701464113555213,24.567194510568342,-225.41651296238922,2.7217536201456416,1
54.79457580790771,49.263467754321155,52.13754418088202,1161.2831052140166,717.5290707603964,1014.6849222335926,2953.863755510539,1230.4650016496419,2233.4854459229205,--undefined--,--undefined--,--undefined--,--undefined--,--undefined--,-200,-200,--undefined--,1
70.91184423958205,45.190524519007326,64.34736029160658,1634.1927363689408,313.3642974197394,678.6367610070415,3144.358011063355,923.8779303149046,1726.4877980967212,118.96346000490877,88.6138836621308,101.18198079767406,0.007898730067652734,--undefined--,4.546369831929957,-200,3.1486558310615007,1
74.72506523939519,72.85089642767966,73.94150871761359,620.4912184972019,392.9485759533672,462.5601147089323,2076.4674311102185,1550.0932070430624,1871.4217588010529,196.20319434349193,118.96346000490877,180.68489906469713,0.006497657205561316,0.2124636216976257,11.430329348451844,4.1359895880109185,8.068167743009111,1
79.84550220752021,68.67998991507868,76.89452678078507,1131.737192087321,620.4912184972019,983.6123148186223,1731.3143849317532,1136.0223486000264,1305.9447621679747,220.74037935603107,177.29723708869065,193.5625422137396,0.01032247458362068,0.21185685965988227,8.699863391122907,0.27599064029737735,4.488256901162898,1
74.26021667884886,71.24378202794458,72.76349213897318,1127.6558392311647,827.5692528643707,980.036104151853,3354.8122173963475,833.639637854247,1612.6445969924885,--undefined--,--undefined--,--undefined--,--undefined--,--undefined--,6.572304452047002,2.9967236193715485,4.6212292145979905,1
72.55483665474972,65.8903032714351,70.51180252426319,1060.0461563579788,606.1606296481929,930.884576770021,2268.442435182247,1120.4928828312802,1737.4537443640554,277.6309986760842,276.31115475538894,277.4789747671799,--undefined--,--undefined--,6.969399332593371,-0.6309164513297815,1.6006914628614886,1
70.74964660839107,68.807524401217,70.3768637884488,665.2913592738398,534.0924004550874,623.2058279679225,1680.7939543671348,1413.7980042348815,1578.1060316623816,276.31115475538894,257.36619253626435,264.81829261518584,0.008763272345069009,0.07433865847466802,11.414532333998329,8.223176348932759,10.16206571544402,1
73.74542498845508,64.76337846581043,71.06265738163188,726.0962247783868,258.4238319271123,409.6767960124664,2416.714588140637,459.8005272761176,1544.7661403994432,257.36619253626435,197.79693424344612,237.96322390660376,0.00768966097911805,0.10936425650320006,19.980795875712303,-226.24159225550153,14.882126074861889,1
74.27236643790522,59.73217455961844,71.23803989012694,488.33074568801965,354.48129441929393,409.7377139721712,2384.161099136361,2084.636795297835,2275.9665980703726,197.79693424344612,162.23261074582086,170.69538904997341,0.005018345057895973,0.13808138700867112,14.303819155410851,-225.95052252331084,10.728703939490822,1
59.81789369158381,53.429030410141266,57.08521546333649,591.3837011608009,366.7645430227163,461.0583037101326,2121.2569753123157,1865.0536172414013,1988.189199283508,175.05379250996373,166.8736386535008,168.73742631691297,0.0062946440463157284,0.19548816597514093,-200,-200,--undefined--,1
64.76587404472649,61.926005607014254,63.69311239192686,563.8305675740214,388.38092219815917,502.42934494096124,2147.7262164728168,1922.9768128267528,2048.2131180764177,181.98905232992672,162.88379715738887,172.35800672208052,0.018466290970204653,0.13368276489511663,1.5163318797299357,-225.18954148496624,1.5163318797299357,1
73.08948031185105,56.50565792245011,69.4204348577542,2391.6417504170936,37.808488203688,1691.2495166495482,3476.7964907966652,1987.8284278876226,2765.4518583016293,162.88379715738887,162.88379715738887,162.88379715738887,--undefined--,--undefined--,30.93279342473975,-225.75090221862703,0.7967589508547677,1
68.67556010871749,55.42232255652708,65.01109131357757,2214.116587679815,26.851374482716466,806.2571167665815,3174.648138686828,1069.8944878682087,2052.325730885092,176.43202040579865,156.052609624744,162.94081902575837,0.016310967035803797,0.20638879626306408,37.76128728844499,-200,9.57111432817777,1
76.11453909915468,68.1960622171229,73.15381084612649,1075.0034918234644,523.3774551751742,829.8963044449333,1204.7920694593938,1057.2305933503487,1131.3718620094958,191.7637063702358,156.78377809954532,170.37464994664316,0.008229183029298806,0.18644608448093744,12.7684468611176,1.4393389515516497,6.713510254905134,1
72.49519562536464,65.85837114593114,69.91713484819184,920.0281358041698,616.8672454851023,733.7596297936836,1090.6883764660636,1034.8346927382083,1046.3836628175288,196.10131188130003,188.88154076725309,192.74111736538163,0.009214998656272943,0.27150317610530117,4.9813666972366715,2.6393229695325977,4.0086473274215715,1
63.93999517238577,53.68295770821239,59.259038069261074,1036.6554869761924,651.6028091142031,858.9868864685254,2834.576861699731,877.4720814780894,1416.6881371402153,192.02389505689362,188.60803969700908,190.76225201322242,0.008324921611315358,--undefined--,-200,-225.3299153711916,--undefined--,1
72.39342362192181,66.51785121189549,71.24654505737033,1047.9767386983508,717.1162673530316,913.1029559351337,1471.826441678378,1171.835638364586,1317.5330876889896,201.08332877447359,186.74059061947796,194.1725195968226,0.013175219162440936,0.10111189845779625,4.493399649529664,-0.12416145883149385,1.9823369373366815,1
72.1844736192441,66.74414461959219,70.33822242366969,1039.6567664722481,748.2735551270614,896.176309205983,1896.1397795313812,1378.0194241519762,1717.4167842720715,192.50969418481074,186.13524858036993,189.90553648786587,0.0031130899705679714,0.09886217344038008,9.262460803631987,6.960064424694453,8.287387687387131,1
68.49814275821731,56.09990188519006,65.6561461993809,895.1735745717475,585.682109528864,758.0972062126327,2000.1803870914673,1635.2356752394503,1794.6080667351741,190.97981630211376,190.65901470309296,190.71289683270524,0.000319719479247664,--undefined--,6.035878156449578,-225.22107146529098,1.7372829473569305,1
66.1042068633793,54.93346675142866,63.1540551772614,1693.76637731092,464.674329054904,845.3441850256163,3260.527210237545,1901.5556581817,2374.5936873529536,229.3462533816232,229.3462533816232,229.3462533816232,--undefined--,--undefined--,1.7408245394028259,-225.21760306742536,1.7408245394028259,1
65.00288344294927,63.145839684951554,63.992704397794284,464.674329054904,352.1202938495473,399.8626099562939,2249.279185124965,2102.1298760946092,2161.8377900337255,231.50958033400434,229.3462533816232,230.63287130084979,0.0038100980600147424,0.08357511776949042,-200,-200,--undefined--,1
65.41613095316583,53.95880452703572,60.162476646057186,2237.8887918739074,225.62997889124048,638.2401150845005,3464.1402284827877,1956.8412829019967,2363.583942568203,--undefined--,--undefined--,--undefined--,--undefined--,--undefined--,-200,-200,--undefined--,1
74.0846466086358,58.76974173323726,70.31045649001264,2150.3342808568345,140.3000806413202,1596.6608347991316,3251.4035565565023,1806.3338368314396,2557.6407776774636,--undefined--,--undefined--,--undefined--,--undefined--,--undefined--,4.066917657791505,-224.9169386491859,1.8759210457286744,1
72.17661408484146,64.56078599801657,69.30698656854516,1038.4250502827563,317.49350066336297,762.0943949791938,2826.2558694757145,1272.4143890621074,1918.3730439505405,192.2288358503237,139.13811408184307,151.07000571639605,0.011409044246910622,0.16504521694860405,14.170308851583265,-200,6.764764774361829,1
70.03582017864204,58.61726057770019,67.99243534575618,854.8137135186163,406.7131345159987,545.73227454272,2232.5132939936307,1962.3559683839803,2060.8609113291336,142.24454190827743,136.045223098095,139.93663693461332,0.0072458943241048845,0.1741742281075637,10.672007614071232,-225.8634966481261,9.273493625703066,1
64.02338088823872,53.551449793850004,59.79385646324004,1265.19379249718,469.690374867139,787.8879355832668,2687.262628168006,1950.655490619271,2294.298745972463,141.05390994969014,141.00365028409695,141.04339936056678,--undefined--,--undefined--,29.15325034442911,-225.48774384846377,3.585385174939513,1
69.16281693459645,46.04154592920562,66.49062122593593,1569.8614191437202,700.7611010036027,912.9202969841497,2485.091714758382,2147.315287567768,2262.7564830599904,158.02246010278805,149.81153938137686,153.31981127865075,0.006207429914324341,0.18296868235208177,26.560763824539336,-200,0.541491864434017,1
68.80208988454051,59.239871412914304,66.16098184175497,883.3511453178821,362.6490813201018,618.2297111722602,2272.3754596128283,1887.3626186534839,2081.499689227892,268.8047856206845,131.64164648135852,172.33828495685472,0.0233301612482982,0.25073102368857114,6.020731007477622,-225.32901333999442,4.14919718895843,1
56.875886200688264,48.152003732926374,52.310507100628676,720.6901685565234,585.7642153110835,679.1273717440928,1957.2690990034791,1844.676722471178,1882.6173862837413,263.44481869752786,260.5787415093278,261.2168492602433,--undefined--,--undefined--,-200,-200,--undefined--,1
66.46906604552363,56.72576819668605,64.4400404123058,832.1453851830369,339.251120338452,538.3122786402711,2479.992612671317,1416.6591387662002,2213.0471046096754,153.364127242679,145.67266241118315,148.9339420263828,0.0049125589350647375,0.07448171306972591,35.36768678535794,-226.16984502394183,5.934757810620323,1
71.10076269860467,45.82971273286829,61.15336387783419,2097.5489674645346,88.10123742423349,536.8535887170646,2885.3366815700847,1503.2801891900929,1921.1865349577065,174.74858164843488,168.4695688207571,172.83000820319626,0.010078322890364613,--undefined--,5.741347611828943,-200,5.741347611828943,1
75.04610437252605,64.2624281320719,72.83583496167294,386.72652130126403,338.242475347426,360.77954528180175,2431.051820405637,2240.0225004115396,2329.783902517034,190.99101884039013,165.0225765434783,178.53966840055324,0.012330794382821713,0.17744572264523695,11.88710637413768,-226.0188876614548,10.026862439894558,1
61.787995963213845,57.23285335687131,60.97591500218407,398.2688079420415,354.48752345989027,369.2453656119992,2559.3908697631705,1992.0365325603839,2357.0832349088605,180.94263132770297,175.65088297669888,178.67028718079922,0.011003667376715305,0.1470388238965072,-200,-200,--undefined--,1
68.41632079979354,48.02357874429965,60.32978935978194,1993.688059064852,320.56268311820565,1003.2467980536682,2658.219091395272,978.5588546768064,2081.033063797239,255.07978132704045,234.5005627261042,250.22456449427202,0.026269148857230296,--undefined--,-0.5883906137948739,-224.71701972056456,-1.3102419375512293,1
77.02262578814988,61.25097312873875,71.56191753632439,941.3822180751293,432.00668591150395,572.3367315827471,2286.6649141343178,649.2851302609397,1350.3815854023455,234.5005627261042,198.11381050369084,205.98226264177623,0.004283943046504641,0.2173378288890935,15.701303132870581,-200,9.572078639646366,1
62.88930291943459,49.017558678392135,57.810781413383545,1420.5088408981078,608.9378226400333,1077.7954146767927,2682.927445252037,1276.7236381658142,2277.2675161005614,205.23407129635038,196.29121717107577,203.37137816455663,0.005074097351767803,0.1765557346880804,-200,-225.8050477394553,--undefined--,1
73.03253538066579,67.02336274669764,71.32173179529558,1185.0120829513885,189.89186410207716,776.8443055718342,1433.0452646678668,1026.225945480391,1188.7029721893646,166.0924436408516,133.94234664471458,150.56085340663896,0.02321215862717776,0.23290609351441288,1.2002794424443788,-1.7807809979995146,0.01702679755632891,1
74.14324601467936,58.91802327025821,71.38322959467564,893.6261055963312,477.0311990104545,762.3424609024216,1298.5613836604361,1104.8424265245826,1188.1874371391086,133.94234664471458,127.30327593797774,129.44814874653986,0.0050009637358447425,0.15699725806781956,25.246318718236395,-225.12149636737314,3.978827995472949,1
56.463203684434816,54.60652258055358,55.82420355389891,1002.8630006903019,746.2505295785313,883.1611452263857,1342.2320597953967,995.5385149189801,1193.9178428324672,129.69694273686056,129.69694273686056,129.69694273686056,--undefined--,--undefined--,-200,-200,--undefined--,1
55.526374562284374,50.52409486194519,53.292817117650955,1140.7647730367046,622.8289160129344,1004.5597256381367,2333.4470346908356,1053.1159973127528,1952.5176601935311,--undefined--,--undefined--,--undefined--,--undefined--,--undefined--,-200,-200,--undefined--,1
67.47528760698931,56.71935465934989,63.874626386983365,764.6749646210878,480.2706194734744,564.5866157269492,1717.3853926873965,1099.8541900148596,1476.8145741478831,160.19417826108742,85.81317290745783,132.70436999351276,0.04194838782062794,0.16374192687740077,25.597551875076032,-225.12586524728337,-0.30552828697488155,1
60.62800711976927,55.582126183135145,58.333047213622386,1245.305306991775,425.52223673911527,782.6851083534849,1916.1916123987658,1717.3853926873965,1839.596081736213,--undefined--,--undefined--,--undefined--,--undefined--,--undefined--,-200,-200,--undefined--,1
64.25721906564438,50.88336545390112,60.06666829978302,525.7924466458137,338.11344103807494,391.8885356826672,2122.5356626996745,1850.4245087942525,1967.8866582753367,--undefined--,--undefined--,--undefined--,--undefined--,--undefined--,-200,-200,--undefined--,1
63.43996273226594,49.67129719243051,60.20267748823584,2651.670828670409,9.855275286689789,1192.4081117385,3245.7605208509362,1836.556959635057,2600.293994554913,253.8675004693315,249.10405217900626,253.15563379595346,--undefined--,--undefined--,-200,-200,--undefined--,1
73.15543253311144,59.39424097795763,68.11266588678629,506.65390740721,299.746300485657,433.98789105898425,2554.824193932733,2052.9015151658864,2248.1183876018918,249.10405217900626,178.6226269159897,203.2822647517678,0.02304833949642894,0.22647857737219548,29.722972312601687,-225.09798686962841,2.4264196922152226,1
59.45371604787135,48.13050071590262,54.7888267135017,551.4084020791412,377.8121081381358,450.9108762934763,2066.6974712423116,1644.1454237316464,1900.4820304918996,--undefined--,--undefined--,--undefined--,--undefined--,--undefined--,-200,-200,--undefined--,1
57.10296630679903,47.52115442300274,54.03658607882196,1688.596293654086,358.89510918356,995.1767249093668,2221.706230055951,1962.7194725354047,2111.1740551261987,--undefined--,--undefined--,--undefined--,--undefined--,--undefined--,-200,-200,--undefined--,1
81.47424007951808,55.765451294242645,75.90703243898355,2542.2790299774224,--undefined--,2000.0694781757438,3220.460649848404,2131.5374807385433,2870.9566148216404,468.8895138861558,399.7108479728628,424.73843688889366,0.009187302229622753,0.18509439227825747,4.833622945471467,-200,1.902221748607814,1
73.67681879357015,62.95599048520817,70.52598753870183,452.1933521455066,331.9028373513548,405.48254764387764,2327.119668399975,2149.0042318178716,2242.1351852435323,226.87709639328367,213.58799460871157,221.83509057981558,0.01150436378292416,0.21146747128045784,5.818037941600214,-225.4182728328316,3.8182434273423858,1
68.57541987342157,55.86120863060382,63.476419411508225,1760.2926420536073,209.8231413369845,554.3241192596316,2482.662251046062,2179.6454679048225,2353.8111960291576,227.23178477250826,195.18702421468168,217.5698671792568,0.010563239435747794,0.13672733964341807,28.852499121326566,-225.032346532472,2.4501396265582787,1
69.9245142088513,69.44698731348689,69.65152868923155,384.295173851418,332.1515146291258,360.27383939600657,2429.1801319111833,2081.4504186415043,2179.6315367956386,195.18702421468168,151.7630979259391,170.31241425564437,0.042755741603567134,0.21908793148161965,6.354192497990918,-1.612721303186119,2.2835944367163408,1
69.75610616226685,64.324769928238,67.72618251917137,563.6190841672891,312.02086982088605,419.48129837246057,2651.445078476799,2367.527465916439,2508.855840548229,175.97406038624558,158.71453149094506,169.3812373043001,0.016472859267705288,0.25915211181510783,8.054567852694644,-200.0002605678516,5.499363474817242,1
76.86179680092832,55.301790814142,73.33361191780389,2615.9101186900634,193.1253021128151,1191.7730995387615,3360.8515242163003,1595.453627696483,2559.073809658156,--undefined--,--undefined--,--undefined--,--undefined--,--undefined--,27.755220985677024,-224.93426755929556,1.0986295961292094,1
71.87982415513582,53.79584756861151,65.87322544117777,1291.8532765694717,347.00640631825473,884.8803208640131,2366.165864219394,1807.8224265433496,2090.0212214702697,248.66234854028298,248.66234854028298,248.66234854028298,--undefined--,--undefined--,1.3404328941716201,-200.00142244843283,0.2729537156404401,1
75.48838093096529,60.621072244288655,71.37736750533134,556.8047222888774,456.23028639436063,509.41891531041995,1937.6007190375867,1722.0140342578907,1824.1044609713683,251.2373759889035,248.66234854028298,250.63888258024218,0.0007418523546230059,0.11644294847020466,15.155232377250043,-226.49364700736396,12.172263939993378,1
58.52295397929333,47.545787388034036,53.772294067248026,1865.8560763758237,255.28116773599518,659.7903134279081,2530.3820702469297,1761.399551523678,1907.090301432079,251.54189690883547,250.52725788745647,251.0343659568993,0.0035482789372182993,0.15350817157784566,-200,-200,--undefined--,1
68.98354879784294,46.89404382315927,64.2878385068821,1085.1040896258783,387.0626716931575,686.6571946514065,2407.514420517701,1868.1794487606494,2097.1384511255533,--undefined--,--undefined--,--undefined--,--undefined--,--undefined--,24.253344544377516,-200,-0.7498117293954394,1
70.30291033027899,67.32368197663988,69.42667929727625,420.02500640691864,323.8095665123656,381.8455799124681,2301.5054721448755,2054.72888068567,2203.371372090781,214.0592169152531,98.36394093476198,141.25143290180736,0.035358521078017464,0.16561697470239933,7.175405486832101,-0.9755997033560311,3.8181882404918923,1
71.35342507757979,64.48483123612563,70.11422584576404,2475.421171151065,128.40804049226944,793.268656839528,3281.251857339835,1972.1102055472898,2370.325583553206,--undefined--,--undefined--,--undefined--,--undefined--,--undefined--,30.780902978873982,2.2161905054248745,3.434610053313237,1
66.82711881675037,53.37620326670571,60.481321159650115,2007.0698096979684,383.8981935308023,996.8520413445617,3346.551244820005,1554.934800122469,2282.1960679855,199.0961826046908,199.0961826046908,199.09618260469082,--undefined--,--undefined--,1.667280752901963,-225.66315013440484,1.667280752901963,1
71.5994080243835,68.81556389595983,70.58578225152954,658.2093075203331,533.5176059820424,585.3404764886171,2137.9240887678684,1640.7593320188112,1911.7010780741143,199.0961826046908,182.1519271454074,189.03959449727523,0.01020649300722202,0.08979456700308291,10.613827449865703,5.625391084353848,8.204889580454068,1
72.09727591861699,60.207202476137304,69.30208969808527,1068.830804516759,344.43259862164274,591.6373775604329,2371.900790635877,1932.3085506019534,2230.3782285337506,182.1519271454074,168.50074816679142,174.4510406474522,0.00488903398052158,0.16242642052261652,14.264456386780996,-226.02225754075934,11.390740908518158,1
66.33999043941762,58.97137236271151,63.41304317620572,2275.589121005048,188.2055190061322,888.7224273140943,3020.30568831033,1884.2848266611768,2287.698245631301,172.50773864202858,170.88798972327152,172.0469889493916,--undefined--,--undefined--,-200,-200,--undefined--,1
68.67555576595673,67.36895460747871,68.01146519484544,411.39314469789804,322.79311772094326,379.4124648668724,2030.630645972963,1910.5132511834156,1986.0036622929936,170.88798972327152,150.13234150091174,160.5772578378173,0.018599474663154345,0.09931787496208293,9.527313340409476,6.861857908711582,8.113425763050945,1
69.26136234082317,60.25684614741919,67.11558165586484,342.0711352560834,313.8677137319719,323.682848112636,2458.0475974707997,1933.2594144123318,2158.546148711926,155.8605933093647,152.49328942700828,154.1923626919271,0.0027200569942822934,0.14985499284342915,13.639088954327248,-226.58969750517483,12.972105418469445,1
70.01846491281013,54.753618491300486,63.923625243269704,2346.262422019729,287.7212536745129,1400.8351530996533,3045.605505757845,1934.0086721926182,2499.4426282303484,188.18211263988417,155.71148595262096,171.36634535186656,0.007578202722314009,--undefined--,33.8402704615478,-225.98293467967693,7.855287702964796,1
67.1476182470576,46.367160177917846,62.84809289566724,1285.7641158520075,136.228177196852,434.04628061688067,2349.683574859542,1771.7339500154062,1924.765833932429,179.15989019553126,147.091425230045,156.12188645407286,0.018433306426918702,0.14920150220683218,31.20215571492034,-225.79735480251364,4.365722656330219,1
62.43326867286654,46.8413517189895,57.523702188098184,2022.8594362443964,967.8135358885625,1294.6034131939184,3341.9002262961435,1587.5911734999806,2471.5611047972866,--undefined--,--undefined--,--undefined--,--undefined--,--undefined--,-200,-200,--undefined--,1
71.98465469122891,63.77019210104155,69.5055015312594,1106.4206909787208,287.98911461020214,567.9247432800502,1935.246668110377,1145.49387597899,1430.4107720473144,243.03793949492004,106.17051546596176,196.63919392191238,0.009181015914459299,0.14577145691799442,19.23887613598109,-200,14.299572918766822,1
70.42729837821682,65.85904478464182,68.64955247827379,485.09387999181644,329.60638337454986,402.8644617846531,2258.848981957849,1453.3062433939322,1982.9822993896269,241.61263139922454,234.23393240569902,239.94813604060317,0.0015672999533650484,0.13164031928723502,20.085914955701057,14.476529260501268,17.659738798089954,1
70.3319602183281,66.85395001306442,68.7768699778081,985.8749313985561,117.51332112965937,442.8099658153324,2054.1727074257265,1156.5261397426777,1564.8904557181559,234.23393240569902,200.89903895569614,221.20000121894748,0.007995949954396758,0.15993349421266895,19.084993036128534,5.024333430935714,13.348482245483515,1
72.07718130430608,63.371278111115465,70.85069201279119,798.2184780689546,487.6976903436016,598.8911408392606,2094.2939580345924,568.1932132682672,1780.1421156476515,200.89903895569614,180.61599997198869,188.84385637225301,0.0037351205466295743,0.17247564462099016,12.88731204355137,-226.15660391516315,10.297126606434041,1
62.43992741349366,51.75896671395333,59.638390292108205,540.0378176548946,459.29821960660865,502.0155822166286,2118.718397931243,1722.0409108586987,1877.4808656018333,186.13044198442782,176.81805342637765,182.1407430312657,0.008783667081981722,0.17616466974745354,-200,-200,--undefined--,1
63.24756165640253,51.82768234561303,59.579601246541394,526.4440280304595,495.6333013231593,505.99538542855055,1955.270875884106,1846.0608996323976,1895.769166718097,184.07058960851757,181.24996733267363,183.41967677752208,--undefined--,--undefined--,-200,-200,--undefined--,1
72.7795644219379,64.03453795389366,68.01590478347534,946.6774985528439,508.01127145303906,786.5591205847859,2280.2000303907257,1878.5009890834976,2121.347904632886,181.24996733267363,141.90519210394655,147.73573209221965,0.008445908898995077,0.1907771064840551,32.35763988366113,-225.50193021799652,4.268846465864841,1
63.052249882428285,56.037965516166885,60.20409501122006,1463.1659571289506,439.09289216647596,816.7056808288378,2376.2443151492553,1375.8629479328215,2165.897811029595,143.36926606313756,139.20896551583266,142.13249786137598,0.0048616344558511096,0.1287798111398063,-200,-225.70033761022972,--undefined--,1
66.21201066312716,50.66586772705508,60.670706118570465,2326.592334862196,260.5275887319479,1191.1711381959076,3175.2274144287203,1812.2184965875929,2370.8306254766876,--undefined--,--undefined--,--undefined--,--undefined--,--undefined--,-2.344115515185313,-224.70698556060182,-2.344115515185313,1
70.73900659453632,57.901335092772015,67.10682943238045,642.3751349345225,440.52914730893247,587.2061165370086,2302.6962671423153,2116.9898269113955,2217.068158467174,150.4015991809619,144.98190947993555,148.3742989083998,0.0066274446874185385,0.11116231258421003,13.57819392861038,-200,10.110122363679688,1
73.18425255299186,70.80182379442022,71.75874853391693,440.52914730893247,310.67671849968184,347.52621943383554,2479.573586969064,921.4845537715692,1668.9569235554466,150.04106331438706,147.89083964964692,149.20712789399985,0.0025407342376974583,0.08487198798209067,22.214945993873346,14.573918176197488,19.608509105717935,1
72.93391341646225,71.30148966669361,72.19845706499773,325.68522021631986,304.7063704564333,309.9816203629767,1575.3144387623915,1077.3435734648488,1254.010893964783,149.40422702778778,148.8971677717862,149.00932726797666,0.00026503202336474596,0.0725811494869477,22.032384004611618,19.17502739476431,20.29578808050219,1
73.09637755991051,70.19009208272689,72.10722791068696,428.2539970311262,325.68522021631986,383.02824366591057,1547.0770297587183,1009.7807443141537,1196.7835583086294,158.3076130944036,149.40422702778778,154.2937442194954,0.008131097414586626,0.14900600011905493,16.055579908908722,9.151781932993668,11.692403297709308,1
73.22736682383251,69.75940098832444,71.71851957521233,421.52093041169246,346.44800662286906,371.5632739597362,1729.109868395077,1494.7069943388742,1645.1069282964431,159.22443095045338,155.75213378559906,158.14197694285352,0.0021960584744388023,0.14506896663226498,13.916349887052906,11.067813762860865,12.888563970679042,1
69.24328088247199,64.46654210288081,67.30438135969396,425.7094672697681,351.23426570516153,380.9807732710538,1674.4512920719878,1472.4650453833929,1588.7167442130929,156.31383373542215,154.4848990830341,155.49293520607657,0.0030113480158020017,0.10927175905858522,8.65362468829465,-225.88814012224114,7.879372833111917,1
64.72360208014625,61.61894901176399,63.1085083030128,558.6363537769192,355.3174130150973,394.00331200556803,2249.832963331578,1583.8938576439893,1740.1766009342493,162.19872409513076,155.89584536566133,157.79440786924826,0.004775200934557149,0.16664386271993936,-200,-200,--undefined--,1
67.88836030863966,58.30072254858636,65.7383940279157,813.6956610180903,262.65288501910794,511.90490178619393,2948.047480517106,654.0046307659111,1484.270466910917,167.94624634669782,82.07221768273311,141.25194000900862,0.02297812833678214,0.36740715998058326,25.449947609601626,-224.9111508680011,-1.6267566674990739,1
70.4465442595872,52.54636402078211,65.20734348376948,1365.4967741118176,491.13957129922994,772.7304153066686,2390.3629754226,1612.7227329919779,1942.7629616981678,--undefined--,--undefined--,--undefined--,--undefined--,--undefined--,-2.4798467253221896,-200,-2.5024745798188306,1
73.59228008858011,71.07587539361838,72.77400905229493,738.0106409017984,415.7084503536466,605.0035340834312,1612.7227329919779,1366.6739894832344,1490.1858195564116,151.59626477591453,145.84779348175408,148.82722390708813,0.0032862981923401616,0.19932599800625928,9.3012253695273,-1.2909495560075133,5.114117048731135,1
69.6870693795965,64.40704078237452,67.53716644100484,486.4468167643055,334.49154891239635,379.8835300935901,2091.4553678920165,1476.4181916872549,1607.8735587920687,182.1992247361859,149.70210687623396,161.11253033172136,0.010251576870526939,0.1806550736159483,12.8787902546271,-226.55823289107343,10.572702544264272,1
69.9815533296095,62.524427991019365,68.00206952087882,483.0874552831648,295.52596984266995,380.8481651386072,2356.9977307165295,2091.4553678920165,2258.420622024678,199.39332931301348,176.14064564022345,188.85815905026166,0.009050564687130027,0.2142648110553637,8.944134455949476,-226.09294760709383,8.540198256805475,1
61.817017069309806,57.12905586411394,60.10093816672668,2446.6931990649136,112.5857393447769,1495.4279732836537,3437.041872276569,2091.444584730107,2753.6305284969326,--undefined--,--undefined--,--undefined--,--undefined--,--undefined--,-200,-200,--undefined--,1
54.28189763659577,53.181982495996834,53.654236312006745,2199.2144897931976,84.39324519201051,1545.848045258998,2689.8088714548035,2113.4516140268674,2375.471196719209,--undefined--,--undefined--,--undefined--,--undefined--,--undefined--,-200,-200,--undefined--,1
69.94552939838238,52.50126448915439,66.1545867928705,2067.339185258231,439.2455807277055,1073.9995624741123,2457.3652229138534,1043.559317648072,1539.976320408347,192.05188876975092,140.79186028176102,148.54022327630773,0.009910008437541034,0.1564247122637691,11.944809326748711,-225.09989699693847,8.176050740209087,1
71.97002908943519,49.16330002774189,68.14562049892872,904.7107893181062,278.7861848735557,556.4005154043962,2559.895599489385,1225.3391862851183,1877.6605202533744,212.32699536566886,196.64302629384983,201.42935381350324,0.007783509742937263,0.1549030358877147,14.040077375292691,-200,13.130958671847424,1
72.53390807287353,70.88091832298115,71.87638054838517,405.80640972362767,321.73621169085357,378.0181083019116,2360.318960028614,2168.381956944378,2293.9341897436616,232.30524282973997,212.32699536566886,223.84185987274924,0.006950263881520361,0.1028603224185178,13.200470165997523,8.335945829374337,11.335333338174882,1
72.98638744034056,63.461672182285334,71.37911641716039,442.6329483233987,279.3253324471842,359.32361658213415,2718.483580885225,1932.2663648746839,2324.0650353018204,232.39456994765516,216.5055934514841,225.9355335371087,0.0052126933062870895,0.17077867027222804,18.581848533244653,-200.02119095920972,15.1153985936108,1
72.6138975509599,54.99531608780899,69.79523787775116,2763.541513565653,--undefined--,1520.7879012812616,3326.0634411232872,2237.5334580959075,2829.8904029296705,--undefined--,--undefined--,--undefined--,--undefined--,--undefined--,26.602194915397263,-224.7307888350944,-1.227025415527891,1
61.74566393744693,55.30518956872978,60.14778676170657,1499.0157032051966,546.265044446066,1006.6885146815376,2979.9195161369903,1457.1258738407894,2200.7511093167404,--undefined--,--undefined--,--undefined--,--undefined--,--undefined--,-200,-200,--undefined--,1
64.31513554721117,53.58871846552799,60.70336638205343,1073.379770411115,389.8332966404509,557.0660109337124,2377.299102451673,1757.129924312811,2243.3625982099866,--undefined--,--undefined--,--undefined--,--undefined--,--undefined--,28.038175284139637,-225.3385786493098,2.6965838731597582,1
71.47693354798814,55.80713663863973,66.14362732770583,801.9849697335756,574.4094952421513,663.71363494641,2347.764529943908,2041.4236476967349,2137.5580613207258,162.7488395390984,158.88721719783817,161.3308349330607,0.004643776680778088,0.057147943582248895,27.921354412006345,-225.32722836612544,0.3778231848085771,1
53.239230284342284,49.291344046751036,51.27603547811799,798.8008595357337,347.0832877225865,489.1760016476822,2171.679589871261,2006.591640450892,2072.5579489674724,--undefined--,--undefined--,--undefined--,--undefined--,--undefined--,-200,-200,--undefined--,1
59.216605385584494,52.73816571015013,57.23576522363575,1014.0299353431576,461.1118117980368,716.987273067733,2157.6186831895843,1845.7251443612047,2009.9303718304784,--undefined--,--undefined--,--undefined--,--undefined--,--undefined--,-200,-200,--undefined--,1
58.186185201243234,50.03234726629035,56.187766328615886,461.1118117980368,391.3165986093377,415.3479710034551,1908.108785265977,1831.9944620980398,1882.453988695393,--undefined--,--undefined--,--undefined--,--undefined--,--undefined--,-200,-200,--undefined--,1
69.80958107017636,45.66893338114068,64.13928981368176,1747.7234656310286,349.79387751831894,1077.3122682413507,2400.356231473541,1787.3647445763497,2121.122926602083,--undefined--,--undefined--,--undefined--,--undefined--,--undefined--,0.013424438554578321,-224.9444276919639,-0.9013779687983183,1
70.94794712505383,57.19173498382869,66.4435556926347,1453.8267455455778,688.7980187295249,1080.7694404378444,2186.6372180423705,1166.86279008287,1742.5494124983147,--undefined--,--undefined--,--undefined--,--undefined--,--undefined--,-0.48053141639389924,-224.8014607080462,-1.0125655372051519,1
65.33236066018688,60.46063781035019,64.00078464900386,1046.7304321835084,414.9795335902893,710.4595921201774,2150.1836126495878,1677.3496831434366,1978.967046674652,--undefined--,--undefined--,--undefined--,--undefined--,--undefined--,1.5538964670315345,-225.19423705837895,-1.6396366217954015,1
61.04686915724359,55.58103899511625,58.45744860103805,497.43705862677086,366.3908999805056,418.79316764193504,2027.5672695922296,1764.4607998399044,1882.0362144694802,--undefined--,--undefined--,--undefined--,--undefined--,--undefined--,-200,-200,--undefined--,1
73.77514702345246,53.76998842538862,68.58547825830948,2157.0868010748636,461.76695628567404,1372.239663812612,3425.3327851275617,1883.7583248437522,2545.9560661863047,--undefined--,--undefined--,--undefined--,--undefined--,--undefined--,4.520704514842387,-225.5215517520207,2.169415658264835,1
61.37261249536247,50.74853402339211,57.36008918651034,1638.186110809614,742.3609740420807,933.6051714930941,2700.969921971372,1553.6942566260955,1869.7692499279137,--undefined--,--undefined--,--undefined--,--undefined--,--undefined--,-200,-200,--undefined--,1
54.185279278776456,50.8417066208215,52.856404947559845,820.4549725524181,620.4084561937145,718.7102245536693,2215.4042330000657,1873.8015814903627,2115.097960643246,--undefined--,--undefined--,--undefined--,--undefined--,--undefined--,-200,-200,--undefined--,1
64.60198526396331,52.453118219937465,61.053242864259104,2618.263193267459,461.7396951375225,1502.953093463646,3416.512032179624,2176.4543904400343,2738.6233509945628,--undefined--,--undefined--,--undefined--,--undefined--,--undefined--,1.65949730267664,-225.20743716283457,1.65949730267664,1
56.859196323313775,50.939263163783004,54.346744967600024,1648.0426601386705,975.5842579043264,1175.2122797319007,2664.635306781484,2528.5023480387704,2596.1350429695226,--undefined--,--undefined--,--undefined--,--undefined--,--undefined--,-200,-200,--undefined--,1
49.29906574059884,46.582975549803876,48.3744505318485,1607.2691147353844,1177.1727747809177,1383.400113641122,2705.4779283467788,2540.3671049812333,2667.3580531262264,--undefined--,--undefined--,--undefined--,--undefined--,--undefined--,-200,-200,--undefined--,1
